{"w_input_hidden": [[-2.92065953308241, 0.618379294289944, 1.584654782449318, 0.9174984344854603, 1.3057935145460307, -0.0020655590567727838], [0.24367695221473265, 3.107459696584069, -0.4455968112621024, 2.2559290026921497, -0.3364099993784399, 1.9866400193899392], [2.0060819378360137, 1.3963321784642875, 0.8871237931365572, -1.2346145576482792, -1.7100195954888298, 0.17565422495861463], [0.08476541871491185, -2.0188593797257677, -0.7135873198407162, -1.4720569386341147, 1.661624524231818, 1.5885836416318733], [1.6885489958081144, 0.7207922362456461, -0.424206906013741, 0.2117863056931072, -0.5732807191219784, -2.6319579404194053], [2.1109747351804717, -1.4425410266813359, -1.6885886916660096, 0.5414756298566498, 1.4997678091032374, 0.3338852137491471], [-0.3723564169972692, 0.5846418122371965, 1.8177319225297954, -2.18200746565156, -1.0568795039356782, 1.8428086361431548], [0.21998186116175264, 3.150603952887916, -0.7879318414052989, 2.210378709250088, -0.045283417584833334, 1.5367981884057518], [-0.8978798893802726, 0.5495428129607631, 1.3940453983142886, 2.298113665539018, 1.2539297159998612, -0.9599666616708243]], "w_hidden_output": [[0.6880658827094366, 3.1876498597154423, -4.55858595962194, 1.6886356331406427, -3.8183007597612595], [2.6230547939694753, -5.746411341178883, -2.1598842362989443, 2.279232367854278, 0.8821072123954116], [-4.397815107354158, -2.799467078665732, 1.260049495982218, 1.189752367145744, 0.4920172461264857], [3.5222500253729505, -1.4643760082214623, -3.580279391242194, -3.2192898828898104, 3.2377813850824477], [-1.353626285939217, 1.2403824715725664, 0.44032190050960784, -4.588351749208761, 0.39800044553461295], [2.4895034672440897, -1.543241470612335, 2.9604821568356243, -1.435346186924341, -4.720049751826849]], "b_hidden": [-0.3071481498995008, -0.436223772675824, 0.5339255602541527, -0.8690315532547571, 0.5568615542602262, -0.509459495271969], "b_output": [-3.88277354676607, 0.24621248081744163, -0.11954416908895368, -0.4207521456974965, -0.5890672790335021]}